evid,event_lat,event_lon,event_depth,magnitude,magnitude_type,origin_time
60035432,44.7496667,-110.7615,3.1,0.43,d,1378310278.34
60035517,44.7511667,-110.774,7.45,2.09,l,1378357180.2
60035547,44.7498333,-110.78066670000001,8.02,1.48,l,1378375286.97
60035552,44.7438333,-110.78299999999999,4.78,-0.22,d,1378375678.65
60035707,44.7465,-110.77766670000001,5.79,-9.99,h,1378506363.9
60036277,44.7738333,-110.7625,11.12,0.91,l,1378892706.46
60036367,44.7361667,-110.77799999999999,2.07,0.95,l,1378956693.03
60036872,44.7643333,-110.7685,10.5,1.62,l,1379065563.21
60036882,44.7625,-110.77133329999998,7.86,1.51,l,1379065856.87
60036922,44.7523333,-110.78933329999998,4.11,3.48,l,1379076960.72
60036927,44.7456667,-110.77883329999999,8.5,2.85,l,1379077119.85
60036932,44.7498333,-110.78083329999998,5.55,1.74,l,1379077650.2
60036942,44.7468333,-110.785,8.32,2.3,l,1379077986.17
60036957,44.7516667,-110.7825,7.86,1.41,l,1379078188.74
60036962,44.7421667,-110.7885,3.15,0.14,d,1379078347.25
60036987,44.7516667,-110.77583329999999,6.46,1.37,l,1379079648.54
60036992,44.7535,-110.78666670000001,6.82,1.55,l,1379079665.37
60037002,44.741833299999996,-110.78383329999998,4.92,0.38,d,1379079695.87
60037007,44.7471667,-110.78483329999999,4.72,1.03,l,1379080139.8
60037047,44.7386667,-110.77799999999999,4.24,0.68,d,1379082359.86
60037157,44.758,-110.77266670000002,6.91,1.33,l,1379092709.66
60037167,44.738833299999996,-110.7796667,2.16,0.52,d,1379092709.96
60037177,44.7456667,-110.7915,6.77,1.7,l,1379099579.15
60037182,44.743333299999996,-110.78966670000001,5.82,1.61,l,1379099579.27
60037187,44.7461667,-110.7855,7.93,1.61,l,1379099777.07
60037197,44.7415,-110.7855,2.51,0.77,l,1379100384.85
60037217,44.754,-110.78266670000001,2.06,0.74,l,1379108344.58
60037222,44.7511667,-110.77733329999998,8.48,1.66,l,1379113260.76
60037227,44.7598333,-110.77533329999999,8.25,1.52,l,1379114027.43
60037287,44.7738333,-110.7755,5.24,0.74,l,1379163330.8
60037812,44.7431667,-110.78133329999999,2.23,0.43,d,1379277938.38
60038362,44.7236667,-110.6435,5.49,1.95,l,1379656657.43
60038522,44.7476667,-110.77816670000001,8.95,1.62,l,1379824646.57
60038597,44.8203333,-110.74733329999998,5.18,0.92,d,1379926279.03
60038612,44.8645,-110.7105,17.89,0.33,d,1379940093.14
60038682,44.733999999999995,-110.7765,5.29,3.17,l,1380018264.0
60038692,44.750666700000004,-110.77600000000001,7.09,1.45,l,1380018687.04
60038697,44.7488333,-110.7735,7.92,2.35,l,1380018747.42
60038702,44.7505,-110.766,9.7,1.17,l,1380019044.72
60038707,44.7453333,-110.7858333,4.88,1.18,l,1380019737.96
60038712,44.7355,-110.78066670000001,3.08,0.4,d,1380019701.56
60038717,44.7393333,-110.77933329999999,2.29,1.27,l,1380019967.33
60038722,44.7405,-110.78216670000002,5.43,0.86,d,1380022262.61
60038732,44.7415,-110.77866670000002,2.56,0.48,d,1380027901.85
60038737,44.7446667,-110.7706667,7.68,1.43,d,1380029375.52
60038742,44.7378333,-110.77816670000001,3.52,0.25,d,1380029706.32
60038747,44.7426667,-110.78233329999999,3.91,0.38,d,1380030127.02
60038802,44.736999999999995,-110.7796667,6.4,2.35,l,1380070112.75
60038812,44.7456667,-110.766,9.26,1.23,l,1380070437.66
60038817,44.7408333,-110.7828333,2.94,0.78,l,1380072800.53
60038822,44.7398333,-110.7825,2.58,-9.99,h,1380076767.69
60038832,44.74100000000001,-110.77983329999999,2.25,0.78,l,1380077968.17
60038857,44.749333299999996,-110.78266670000001,8.16,1.51,l,1380086004.97
60038922,44.7808333,-110.78333329999998,2.03,0.46,d,1380144084.15
60038957,44.7295,-110.78433329999999,3.26,-9.99,h,1380181360.52
60038962,44.7441667,-110.7766667,7.25,1.41,l,1380181528.53
60038967,44.736999999999995,-110.77566670000002,2.18,0.64,l,1380190726.21
60038972,44.7363333,-110.78,2.41,0.18,d,1380205913.77
60039012,44.8156667,-110.72016670000001,23.48,1.08,l,1380227620.71
60039017,44.7411667,-110.787,2.57,1.43,l,1380227638.0
60039022,44.7488333,-110.7895,7.37,1.43,l,1380227695.33
60039277,44.734333299999996,-110.77416670000001,7.85,0.2,d,1380346995.88
60039327,44.7466667,-110.766,8.91,1.51,l,1380360691.74
60039332,44.7425,-110.7785,5.76,0.38,d,1380360717.32
60039342,44.74100000000001,-110.78066670000001,6.18,1.17,l,1380377313.41
60039347,44.742,-110.78366670000001,2.77,0.17,d,1380383402.81
60039357,44.7441667,-110.76583329999998,8.43,2.15,l,1380390620.38
60039367,44.744,-110.76700000000001,7.37,0.3,d,1380394004.78
60039402,44.7453333,-110.77766670000001,7.15,1.54,l,1380414965.94
60039447,44.745,-110.77,7.75,1.55,l,1380443733.32
60039462,44.728,-110.77516670000001,2.43,0.04,d,1380451442.96
60039572,44.7465,-110.765,7.28,1.12,l,1380506110.45
60039577,44.7411667,-110.77133329999998,7.42,2.15,l,1380517673.64
60039582,44.7386667,-110.7765,3.75,1.18,d,1380517731.74
60039692,44.7415,-110.7795,6.56,0.97,l,1380575178.85
60039697,44.7456667,-110.76933329999999,5.96,1.08,d,1380575234.66
60039712,44.733999999999995,-110.77933329999999,2.06,0.58,d,1380584267.72
60039837,44.7383333,-110.76433329999999,8.57,0.81,l,1380684286.82
60039892,44.7555,-110.7616667,8.63,1.45,l,1380749508.62
60039897,44.7443333,-110.78483329999999,8.36,0.95,l,1380751471.52
60040477,44.743333299999996,-110.77183329999998,6.97,1.12,l,1381119220.77
60040747,44.748000000000005,-110.77216670000001,8.8,0.96,l,1381460566.47
60040752,44.7465,-110.785,9.38,1.08,l,1381460718.57
60040762,44.7383333,-110.78683329999998,4.38,1.63,l,1381473454.52
60040772,44.7333333,-110.78233329999999,2.39,0.11,d,1381476075.88
60040777,44.7363333,-110.77600000000001,5.57,1.99,l,1381476173.09
60040782,44.7416667,-110.7736667,6.47,1.39,l,1381481753.78
60040877,44.7618333,-110.77233329999999,7.5,0.47,d,1381536777.61
60040987,44.7445,-110.77016670000002,8.08,1.17,l,1381601690.3
60040992,44.7353333,-110.77483329999998,6.95,1.91,l,1381605183.93
60041037,44.738,-110.76733329999999,7.81,0.87,l,1381653496.77
60041082,44.7428333,-110.76666670000002,7.72,1.34,l,1381719892.54
60041087,44.7288333,-110.77233329999999,5.0,1.58,l,1381721257.26
60041152,44.7375,-110.7655,8.43,1.03,l,1381760536.27
60041837,44.8256667,-110.69066670000001,4.1,1.43,l,1382254703.39
60041957,44.7721667,-110.70883329999998,4.04,1.29,l,1382354195.13
60041972,44.7718333,-110.71633329999999,4.47,1.54,l,1382355505.61
60041977,44.7718333,-110.71233329999998,4.56,1.54,l,1382355835.08
60041987,44.7718333,-110.71333329999999,4.2,1.68,l,1382358550.28
60043057,44.7958333,-110.8305,4.76,1.27,l,1383180943.79
60043482,44.7545,-110.82733329999999,5.51,1.7,l,1383456229.0
60043562,44.757,-110.83216670000002,5.44,2.32,l,1383531802.6
60043812,44.7561667,-110.8325,6.24,1.18,l,1383702633.08
60043877,44.8553333,-110.68700000000001,8.37,1.89,l,1383774486.88
60044177,44.7571667,-110.83233329999999,7.12,1.56,l,1384032048.09
60044357,44.8378333,-110.69633329999999,6.59,1.95,l,1384244187.33
60044997,44.7426667,-110.77316670000002,7.21,1.77,l,1384582763.16
60045377,44.835333299999995,-110.6895,6.17,2.17,l,1384907220.2
60045392,44.8321667,-110.70166670000002,3.66,0.68,d,1384912921.6
60045722,44.828,-110.68733329999999,4.44,2.46,l,1385174812.19
60046542,44.7383333,-110.7855,7.12,1.72,l,1385326082.93
60046937,44.8081667,-110.8038333,4.51,0.11,d,1385446164.93
60047167,44.747833299999996,-110.78366670000001,7.25,1.32,l,1385542417.61
60047222,44.7813333,-110.80883329999999,4.52,0.22,d,1385567523.56
60048932,44.8415,-110.68916670000002,7.01,2.31,l,1386977656.06
60049107,44.7815,-110.81066670000001,6.42,1.01,l,1387155598.18
60049122,44.7905,-110.80633329999999,7.89,1.34,l,1387167212.48
60049127,44.7828333,-110.81316670000001,6.48,1.18,l,1387167298.04
60049252,44.785,-110.8165,7.82,0.97,l,1387251084.21
60049262,44.7396667,-110.7805,7.21,1.28,l,1387262956.52
60049267,44.7345,-110.7796667,6.63,2.04,l,1387262970.64
60049272,44.745,-110.77516670000001,8.05,1.86,d,1387263035.97
60049437,44.7831667,-110.82966670000002,7.69,0.98,l,1387452397.76
60049442,44.782,-110.82600000000001,9.0,1.09,l,1387454228.07
60049447,44.789666700000005,-110.82433329999999,8.14,1.37,l,1387458512.5
60049452,44.778,-110.8301667,5.88,1.9,l,1387468210.62
60049457,44.7798333,-110.824,6.67,1.09,l,1387468671.38
60049467,44.7786667,-110.81583329999998,8.52,1.63,l,1387468993.1
60049472,44.7871667,-110.82666670000002,8.01,1.22,l,1387472194.88
60049482,44.7841667,-110.82016670000002,9.56,2.01,l,1387487953.05
60049487,44.7816667,-110.8305,7.45,1.33,l,1387489766.5
60049497,44.7826667,-110.81933329999998,6.34,1.1,l,1387492753.39
60049527,44.780666700000005,-110.82133329999999,6.66,0.85,l,1387522051.62
60049537,44.7696667,-110.8155,4.72,0.05,d,1387525199.45
60049542,44.7698333,-110.82033329999999,4.18,0.7,d,1387526799.86
60049547,44.7765,-110.8225,6.68,2.14,l,1387532633.39
60049562,44.782,-110.82266670000001,7.24,1.01,l,1387544521.31
60049567,44.7753333,-110.80866670000002,7.79,0.32,d,1387548318.94
60049572,44.7733333,-110.8165,4.92,0.12,d,1387555591.67
60049577,44.7721667,-110.8095,7.68,0.58,d,1387559583.91
60049582,44.778999999999996,-110.8361667,6.49,1.26,l,1387563738.9
60049592,44.765666700000004,-110.81933329999998,5.09,0.76,l,1387564651.64
60049662,44.7823333,-110.82799999999999,8.24,1.13,l,1387633253.94
60050087,44.7503333,-110.77383329999999,7.53,1.12,l,1388109090.72
60050202,44.743333299999996,-110.7805,8.49,1.44,l,1388212311.05
60050377,44.780333299999995,-110.75466670000002,4.27,1.95,l,1388364152.38
60050387,44.780333299999995,-110.75366670000001,4.12,1.55,l,1388364878.29
60050887,44.844333299999995,-110.68299999999999,7.83,1.74,l,1388840035.71
60051012,44.7443333,-110.786,6.46,2.6,l,1388998811.85
60051017,44.7576667,-110.77933329999999,9.5,3.45,l,1388999652.15
60051022,44.7541667,-110.78016670000001,8.93,0.8,l,1388999607.0
60051032,44.7421667,-110.78166670000002,5.82,1.11,l,1389000323.77
60051037,44.7381667,-110.77583329999999,5.85,0.9,l,1389000744.59
60051047,44.7533333,-110.7796667,8.27,1.81,l,1389002355.87
60051052,44.7518333,-110.78333329999998,7.56,1.63,l,1389009151.39
60051067,44.7838333,-110.77033329999999,13.37,0.81,l,1389012565.88
60051072,44.745,-110.78516670000002,6.93,1.63,l,1389012843.78
60051242,44.7411667,-110.7915,2.05,0.32,l,1389147308.99
60051382,44.743,-110.7948333,8.56,0.93,l,1389291207.4
60051542,44.813166700000004,-110.8085,7.3,1.02,l,1389417875.81
60052212,44.7465,-110.77316670000002,8.31,0.8,l,1390039924.21
60052322,44.731333299999996,-110.77316670000002,4.86,1.27,l,1390118562.87
60052382,44.744833299999996,-110.7796667,8.13,1.47,l,1390214639.77
60052437,44.7318333,-110.8055,8.01,2.42,l,1390284008.42
60052442,44.725666700000005,-110.79833329999998,6.68,1.52,l,1390286387.42
60052452,44.7371667,-110.8035,7.79,0.94,l,1390288881.31
60052462,44.7296667,-110.80466670000001,7.19,1.06,l,1390290343.04
60052467,44.7321667,-110.8045,6.73,1.42,l,1390290633.86
60052472,44.7305,-110.80316670000002,7.43,1.59,l,1390292191.12
60052477,44.7293333,-110.8038333,6.9,1.56,l,1390295780.84
60052482,44.7398333,-110.8225,11.79,0.29,d,1390297516.58
60052492,44.735,-110.801,8.7,0.95,l,1390309024.01
60052497,44.7308333,-110.8068333,8.28,1.57,l,1390311813.95
60052502,44.7281667,-110.79666670000002,4.15,0.26,d,1390315641.03
60052507,44.7278333,-110.80066670000001,7.86,1.68,l,1390315943.88
60052512,44.733999999999995,-110.8025,7.36,0.97,l,1390316142.51
60052517,44.735833299999996,-110.80583329999999,6.81,1.27,l,1390317787.68
60052522,44.7326667,-110.80216670000001,8.41,0.65,d,1390319942.75
60052527,44.7291667,-110.79916670000001,7.21,1.83,l,1390321926.81
60052532,44.771333299999995,-110.77516670000001,10.54,1.01,l,1390324543.61
60052537,44.737333299999996,-110.80533329999999,7.38,0.9,l,1390324606.33
60052542,44.7353333,-110.8125,6.5,0.72,l,1390324696.78
60052597,44.7356667,-110.8005,8.94,1.09,l,1390348772.3
60052602,44.7416667,-110.80533329999999,7.89,0.78,l,1390349541.22
60052607,44.736999999999995,-110.8065,7.74,1.29,l,1390350241.74
60052612,44.7345,-110.79666670000002,8.91,1.15,l,1390350587.74
60052617,44.7345,-110.80016670000002,8.03,1.59,l,1390350600.84
60052622,44.7333333,-110.8025,8.52,1.07,l,1390350837.14
60052627,44.735833299999996,-110.7978333,9.41,1.11,l,1390350853.78
60052632,44.732833299999996,-110.801,8.09,0.56,d,1390351046.57
60052637,44.7305,-110.80166670000001,5.85,0.32,d,1390351941.33
60052642,44.7311667,-110.7978333,5.91,0.79,l,1390352049.53
60052647,44.732833299999996,-110.80666670000001,8.2,1.4,l,1390353472.95
60052657,44.7393333,-110.80583329999999,8.09,0.85,l,1390357795.81
60052662,44.73,-110.8045,8.34,2.01,l,1390361797.88
60052687,44.7375,-110.7948333,8.17,1.06,l,1390380617.59
60052692,44.7353333,-110.80816670000002,5.2,0.73,l,1390385222.41
60052697,44.7355,-110.79883329999998,8.31,1.47,l,1390387086.92
60052702,44.7305,-110.80716670000001,5.12,1.38,l,1390387476.26
60052717,44.7363333,-110.80216670000001,7.04,0.96,l,1390392084.45
60052737,44.727,-110.80466670000001,7.74,1.91,l,1390399934.64
60052832,44.7266667,-110.8005,4.71,0.82,d,1390456256.64
60052837,44.7285,-110.80033329999999,8.42,1.72,l,1390461898.82
60053207,44.7466667,-110.78033329999998,6.22,1.38,l,1390877069.88
60053832,44.756666700000004,-110.775,8.04,1.41,l,1391144285.09
60053837,44.7491667,-110.78,6.7,1.13,l,1391144327.9
60054007,44.734333299999996,-110.8025,5.69,0.67,l,1391238952.56
60054042,44.7423333,-110.77583329999999,7.55,1.78,l,1391281404.46
60054147,44.728666700000005,-110.80316670000002,7.77,2.68,l,1391396487.97
60054162,44.8471667,-110.7985,3.52,1.07,l,1391403539.26
60054197,44.7336667,-110.80616670000002,6.94,0.89,l,1391435666.89
60054677,44.7495,-110.78483329999999,8.32,0.49,d,1391767020.67
60054707,44.7411667,-110.7835,6.84,1.45,l,1391795956.36
60054857,44.7523333,-110.79216670000001,7.37,1.65,l,1391948652.47
60054867,44.7633333,-110.78316670000001,10.79,0.96,l,1391951297.04
60054877,44.7385,-110.79333329999999,4.5,1.11,l,1391955683.74
60054882,44.7583333,-110.78133329999999,8.87,1.65,l,1391959923.53
60054917,44.7428333,-110.78833329999999,4.67,0.97,l,1391980298.63
60054922,44.744833299999996,-110.79,8.47,1.78,l,1391982294.83
60054927,44.7543333,-110.77766670000001,10.07,1.54,l,1391983269.76
60054937,44.7385,-110.794,4.56,0.73,l,1391984627.62
60054957,44.752166700000004,-110.795,5.67,0.99,l,1391988073.6
60054962,44.74100000000001,-110.79366670000002,4.06,0.97,l,1391988533.62
60054967,44.7548333,-110.7945,7.42,1.19,l,1391989550.78
60054972,44.7558333,-110.7885,7.53,1.57,l,1391990480.98
60055007,44.765666700000004,-110.72133329999998,0.49,-9.99,h,1392011557.84
60055012,44.7676667,-110.69666670000001,3.53,1.95,l,1392013377.75
60055022,44.7501667,-110.78933329999998,8.07,1.44,l,1392015239.94
60055027,44.7451667,-110.79266670000001,9.09,2.37,l,1392022533.77
60055042,44.7471667,-110.79916670000001,4.9,1.31,l,1392032426.86
60055052,44.761,-110.777,10.51,1.27,l,1392037784.76
60055072,44.7465,-110.78666670000001,6.32,1.03,l,1392063766.5
60055082,44.7385,-110.79816670000001,8.35,2.25,l,1392072263.34
60055092,44.7496667,-110.79233329999998,8.95,0.78,l,1392072408.41
60055097,44.7515,-110.78633329999998,10.42,1.79,l,1392072554.03
60055102,44.7475,-110.8055,8.73,1.56,l,1392072746.2
60055147,44.7556667,-110.79033329999999,9.2,0.53,l,1392096474.9
60055177,44.7508333,-110.791,10.71,2.3,l,1392123877.37
60055192,44.7466667,-110.79316670000001,9.61,1.65,l,1392125494.7
60055257,44.746333299999996,-110.795,10.77,3.47,l,1392159796.77
60055262,44.7556667,-110.7828333,8.55,1.75,l,1392159947.95
60055282,44.7591667,-110.77633329999999,10.19,1.38,l,1392160308.85
60055292,44.743333299999996,-110.79266670000001,8.74,1.6,l,1392161690.79
60055297,44.755166700000004,-110.80133329999998,10.14,0.59,l,1392162088.15
60055307,44.7548333,-110.77833329999999,13.58,0.96,l,1392162344.85
60055312,44.735833299999996,-110.79700000000001,7.17,1.77,l,1392162719.64
60055317,44.7393333,-110.78533329999999,8.6,1.2,l,1392162813.61
60055322,44.7356667,-110.79283329999998,7.32,1.54,l,1392163044.72
60055327,44.7516667,-110.77866670000002,10.59,1.27,l,1392163143.77
60055337,44.7356667,-110.79666670000002,2.08,-9.99,h,1392163113.86
60055342,44.740333299999996,-110.79416670000002,6.98,0.64,l,1392163715.18
60055347,44.7528333,-110.78299999999999,9.29,0.92,l,1392163980.44
60055352,44.7511667,-110.79766670000001,7.32,1.31,l,1392164545.24
60055357,44.745,-110.7905,8.06,0.8,l,1392164644.53
60055362,44.7351667,-110.81066670000001,4.87,1.47,l,1392165666.21
60055372,44.7425,-110.7945,5.14,1.11,l,1392172726.61
60055382,44.7466667,-110.802,7.8,2.38,l,1392172813.83
60055387,44.7411667,-110.7965,4.48,1.44,l,1392176352.57
60055397,44.7488333,-110.79233329999998,9.48,1.63,l,1392177742.41
60055402,44.7615,-110.77933329999999,8.85,1.12,l,1392186613.21
60055432,44.758166700000004,-110.78233329999999,8.94,0.64,d,1392190393.09
60055437,44.748999999999995,-110.78983329999998,9.01,2.0,l,1392190681.89
60055442,44.755,-110.78416670000001,8.16,1.29,l,1392196308.26
60055462,44.7473333,-110.8,5.71,0.75,l,1392203143.47
60055472,44.7411667,-110.79366670000002,6.99,1.6,l,1392208667.15
60055497,44.7533333,-110.79466670000001,7.16,1.52,l,1392224150.19
60055572,44.753,-110.7885,10.21,0.68,l,1392257956.17
60055587,44.7571667,-110.7815,10.18,0.85,l,1392270915.65
60055592,44.7583333,-110.796,7.99,1.41,l,1392274256.64
60055617,44.7395,-110.79416670000002,2.55,0.9,l,1392288589.0
60055647,44.7395,-110.79716670000002,2.83,0.28,d,1392317738.2
60055677,44.72,-110.64416670000001,6.07,2.74,l,1392334661.2
60055692,44.728333299999996,-110.65,5.44,1.51,l,1392335443.94
60055827,44.7381667,-110.807,4.84,0.45,d,1392404206.54
60055832,44.746,-110.80766670000001,6.37,0.91,l,1392405717.97
60055932,44.7365,-110.785,3.19,1.23,l,1392479479.81
60055987,44.7535,-110.8165,8.56,1.16,l,1392521222.92
60055997,44.737333299999996,-110.78183329999999,5.05,0.46,d,1392528607.62
60056142,44.7456667,-110.79466670000001,8.07,1.48,l,1392584831.39
60056152,44.74100000000001,-110.79733329999999,6.91,1.12,l,1392585184.23
60056182,44.7491667,-110.78983329999998,8.0,1.07,l,1392591897.95
60056197,44.7456667,-110.79966670000002,7.72,1.3,l,1392595174.3
60056217,44.758,-110.79933329999999,10.31,1.07,l,1392599573.6
60056237,44.751000000000005,-110.80116670000001,8.15,1.09,l,1392608022.17
60056247,44.748999999999995,-110.81116670000002,7.42,1.53,l,1392611914.15
60056252,44.7363333,-110.807,2.48,-0.08,d,1392611891.17
60056257,44.7428333,-110.81066670000001,5.74,1.82,l,1392612089.54
60056262,44.7428333,-110.81016670000001,7.92,1.97,l,1392612166.57
60056267,44.7386667,-110.80733329999998,3.57,-0.27,d,1392612149.55
60056272,44.7505,-110.80583329999999,9.04,1.8,l,1392612546.62
60056287,44.743,-110.8125,6.32,1.61,l,1392613668.3
60056292,44.7428333,-110.81416670000002,5.96,1.49,l,1392613902.08
60056297,44.7491667,-110.80816670000002,7.97,1.14,l,1392615169.26
60056307,44.7481667,-110.8115,7.5,1.3,l,1392618187.08
60056312,44.7421667,-110.81083329999998,2.99,-9.99,h,1392618171.28
60056317,44.745,-110.80716670000001,6.73,1.19,l,1392619866.47
60056327,44.7416667,-110.816,6.65,1.57,l,1392629820.59
60056332,44.739,-110.816,6.87,1.52,l,1392630416.45
60056492,44.7475,-110.809,8.02,2.06,l,1392680245.43
60056497,44.7453333,-110.80433329999998,7.8,2.37,l,1392680290.22
60056502,44.7495,-110.81183329999999,8.04,1.23,l,1392682428.56
60056612,44.7516667,-110.795,10.15,2.15,l,1392697673.9
60056722,44.748999999999995,-110.79883329999998,8.06,0.55,d,1392731744.63
60056737,44.743,-110.79333329999999,6.44,1.08,l,1392742302.98
60056742,44.7371667,-110.79033329999999,5.4,1.45,l,1392742397.22
60056752,44.7441667,-110.78683329999998,8.04,1.65,l,1392742667.73
60056757,44.737333299999996,-110.77866670000002,7.8,1.66,l,1392743450.97
60056777,44.74100000000001,-110.779,8.12,1.4,l,1392745331.12
60056797,44.7416667,-110.78466670000002,6.73,1.61,l,1392748555.1
60056917,44.7348333,-110.64333329999998,5.27,1.48,l,1392821366.56
60057037,44.7495,-110.80016670000002,7.94,1.32,l,1392872527.09
60057087,44.7691667,-110.80166670000001,13.4,1.24,l,1392922837.66
60057252,44.7466667,-110.77866670000002,8.28,1.09,l,1393161766.54
60057257,44.744833299999996,-110.7805,7.93,1.76,l,1393163749.61
60057272,44.7533333,-110.80216670000001,8.51,1.44,l,1393190424.29
60057337,44.746,-110.77799999999999,5.33,1.23,l,1393287741.14
60057362,44.7461667,-110.79733329999999,7.13,1.8,l,1393324603.33
60057422,44.8035,-110.8115,4.69,0.98,l,1393377684.5
60057427,44.805833299999996,-110.81183329999999,6.48,0.69,l,1393379339.19
60057527,44.7443333,-110.77866670000002,5.75,1.75,l,1393495973.94
60057882,44.7401667,-110.7766667,6.79,1.77,l,1393699463.16
60057887,44.7363333,-110.777,10.24,2.88,l,1393699480.47
60057892,44.7466667,-110.78133329999999,6.15,1.56,l,1393699566.58
60057902,44.746,-110.78216670000002,6.65,1.41,l,1393699838.15
60057907,44.7425,-110.78833329999999,7.77,1.06,l,1393699807.4
60057912,44.742,-110.77816670000001,5.74,1.62,l,1393700270.24
60057917,44.7438333,-110.77833329999999,6.99,2.01,l,1393700408.37
60057922,44.7468333,-110.7755,7.87,1.27,l,1393700942.15
60057947,44.7345,-110.77266670000002,7.99,1.72,l,1393713025.93
60057957,44.7421667,-110.777,8.18,1.98,l,1393739723.22
60057962,44.7543333,-110.73966670000001,14.09,0.31,d,1393739794.17
60057967,44.7481667,-110.7828333,7.31,1.66,l,1393741797.83
60057977,44.7376667,-110.78200000000001,7.89,1.99,l,1393746349.45
60058067,44.8106667,-110.64066670000001,2.4,1.66,l,1393808466.18
60058107,44.7425,-110.77716670000001,4.87,1.36,l,1393881606.03
60058152,44.7416667,-110.78033329999998,4.92,1.52,l,1393907510.99
60058172,44.7393333,-110.77766670000001,5.01,1.5,l,1393922057.54
60058192,44.7348333,-110.7705,6.15,1.11,l,1393951130.81
60058262,44.7443333,-110.77600000000001,7.19,1.5,l,1393982607.61
60058272,44.7465,-110.7735,6.13,1.67,l,1393984369.48
60058317,44.746,-110.77683329999999,6.77,1.31,l,1394019463.95
60058347,44.7458333,-110.78200000000001,7.92,1.69,l,1394037200.2
60058357,44.7661667,-110.72116670000001,12.87,-0.35,d,1394040580.43
60058432,44.7423333,-110.77766670000001,6.06,1.33,l,1394086607.63
60058462,44.7435,-110.7765,6.2,1.5,l,1394134560.23
60058532,44.7491667,-110.80616670000002,8.75,1.05,l,1394184720.0
60058542,44.7446667,-110.81166670000002,5.02,0.93,l,1394186261.62
60058737,44.7323333,-110.78333329999998,2.23,0.82,l,1394315248.02
60058747,44.738833299999996,-110.78233329999999,7.96,0.75,l,1394336685.28
60058767,44.838333299999995,-110.65833329999998,11.45,1.32,l,1394343882.28
60058832,44.7891667,-110.76083329999999,2.9,1.65,l,1394412778.49
60058837,44.8025,-110.76233329999998,2.42,1.06,d,1394412778.3
60058852,44.7555,-110.79266670000001,9.91,0.57,d,1394433373.91
60058857,44.7431667,-110.79799999999999,7.52,0.86,d,1394434435.43
60058962,44.7548333,-110.779,7.94,1.16,l,1394535451.66
60058967,44.745,-110.7885,6.04,2.06,l,1394535550.55
60058977,44.753666700000004,-110.7825,6.44,1.6,l,1394535822.73
60058982,44.7475,-110.78299999999999,6.98,1.42,l,1394535911.99
60058987,44.7481667,-110.78816670000002,6.35,1.77,l,1394535874.79
60058992,44.7468333,-110.78,6.55,1.64,l,1394536587.03
60059237,44.8031667,-110.81066670000001,5.46,0.19,d,1394722594.32
60059242,44.7406667,-110.77233329999999,8.33,0.9,l,1394729519.88
60059327,44.751000000000005,-110.7858333,7.25,0.96,l,1394783802.88
60059627,44.7503333,-110.76933329999999,9.02,2.09,l,1394929400.85
60059707,44.7423333,-110.78566670000001,6.72,0.93,d,1394987014.41
60059722,44.762666700000004,-110.77633329999999,5.29,0.98,d,1394993662.43
60059732,44.7355,-110.78916670000001,6.52,1.21,l,1394996367.61
60059787,44.7805,-110.78266670000001,5.68,0.6,d,1395039757.65
60060062,44.735,-110.78016670000001,4.5,0.86,d,1395112404.56
60060272,44.754,-110.78416670000001,2.16,-0.45,d,1395258429.95
60060277,44.7591667,-110.78116670000001,7.82,1.94,l,1395259408.51
60060312,44.7841667,-110.7765,8.93,0.81,l,1395295937.58
60060327,44.7861667,-110.77933329999999,10.82,0.88,l,1395314029.16
60060412,44.751999999999995,-110.78466670000002,1.38,0.98,l,1395346668.2
60060427,44.7541667,-110.78616670000001,2.14,0.92,l,1395348304.97
60060432,44.7583333,-110.79766670000001,5.21,0.92,l,1395350841.51
60060437,44.7476667,-110.78399999999999,1.06,0.28,d,1395351998.67
60060452,44.751999999999995,-110.78833329999999,3.11,0.88,l,1395358259.74
60060457,44.7646667,-110.7815,7.51,1.99,l,1395363292.13
60060472,44.7918333,-110.76283329999998,10.04,0.91,l,1395379335.91
60060477,44.7651667,-110.77916670000002,5.89,1.19,l,1395380932.25
60060482,44.752166700000004,-110.7765,4.11,1.0,l,1395381361.19
60060492,44.7846667,-110.7815,7.53,0.65,l,1395387102.83
60060497,44.7471667,-110.78166670000002,6.5,0.98,l,1395397202.08
60060507,44.8238333,-110.77083329999999,4.35,0.96,l,1395417059.22
60060512,44.8271667,-110.7655,6.12,1.69,l,1395417075.27
60060527,44.823666700000004,-110.76299999999999,7.29,2.34,l,1395420839.82
60060612,44.8295,-110.76233329999998,3.68,1.9,l,1395461492.02
60060617,44.751000000000005,-110.77983329999999,7.9,2.29,l,1395465625.08
60060627,44.7561667,-110.77833329999999,7.83,1.85,l,1395466456.64
60060637,44.7513333,-110.7796667,7.81,2.32,l,1395466617.42
60060642,44.7518333,-110.7855,7.75,1.65,l,1395466778.59
60060647,44.825166700000004,-110.77,4.3,1.8,l,1395467187.61
60060677,44.8303333,-110.76416670000002,2.65,1.59,l,1395477849.31
60060802,44.7678333,-110.76700000000001,7.89,1.97,l,1395561747.82
60060942,44.7783333,-110.77383329999999,7.49,1.69,l,1395660097.27
60061157,44.8253333,-110.7625,11.44,1.19,l,1395800663.0
60061197,44.7563333,-110.78333329999998,5.03,1.16,l,1395857316.77
60061202,44.75,-110.78066670000001,6.19,1.09,d,1395857316.8
60061217,44.8045,-110.7725,6.37,3.0,l,1395861276.76
60061222,44.817666700000004,-110.7705,4.02,2.08,l,1395861360.87
60061232,44.8616667,-110.75816670000002,4.72,1.12,d,1395861952.65
60061292,44.8258333,-110.7665,3.72,0.98,d,1395874639.83
60061297,44.8006667,-110.77766670000001,4.52,3.53,l,1395878340.89
60061302,44.8263333,-110.76833329999998,3.95,2.17,l,1395879074.86
60061307,44.8213333,-110.77416670000001,1.97,1.45,d,1395879117.5
60061312,44.7996667,-110.7715,4.05,2.19,l,1395879659.59
60061317,44.808,-110.77266670000002,4.32,1.93,l,1395881920.01
60061322,44.820666700000004,-110.76533329999998,4.07,1.78,l,1395882400.72
60061327,44.8015,-110.774,6.19,2.48,l,1395883446.26
60061337,44.8211667,-110.76366670000002,2.5,1.18,d,1395886427.56
60061347,44.8328333,-110.75633329999998,3.93,1.6,l,1395901489.04
60061352,44.7513333,-110.77016670000002,4.96,0.61,d,1395912034.54
60061367,44.8238333,-110.7676667,4.41,2.12,l,1395925534.57
60061382,44.773999999999994,-110.78433329999999,4.39,0.53,d,1395939802.37
60061402,44.7476667,-110.79766670000001,6.67,1.57,l,1395946613.8
60061452,44.7735,-110.69,3.92,1.8,l,1395959765.11
60061482,44.786666700000005,-110.64183329999999,3.62,1.98,l,1395972720.63
60061487,44.796833299999996,-110.7706667,3.97,1.79,l,1395978336.06
60061547,44.8253333,-110.7815,3.06,0.52,d,1396021303.72
60061627,44.803000000000004,-110.77816670000001,3.47,0.25,d,1396098885.48
60061687,44.742,-110.77183329999998,2.38,-9.99,h,1396155974.63
60061702,44.7871667,-110.676,4.07,2.97,l,1396160628.5
60061712,44.7813333,-110.68516670000001,3.29,1.52,l,1396162076.92
60061717,44.788999999999994,-110.6815,1.93,1.65,l,1396162132.73
60061727,44.774333299999995,-110.6915,3.0,1.89,l,1396162798.73
60061737,44.7928333,-110.67,3.81,2.43,l,1396162893.61
60061762,44.7785,-110.6905,3.56,1.31,l,1396167435.67
60061787,44.771666700000004,-110.68383329999999,3.94,3.36,l,1396175785.97
60061807,44.7725,-110.68333329999999,3.52,2.01,l,1396177386.37
60061822,44.766999999999996,-110.6825,3.59,2.5,l,1396181938.49
60061827,44.7931667,-110.676,3.57,1.66,l,1396182511.83
60061837,44.7721667,-110.68466670000001,5.62,4.83,w,1396182879.16
60061847,44.7736667,-110.69083329999998,3.2,0.05,d,1396183636.21
60061852,44.7636667,-110.6895,2.1,-0.02,d,1396183738.7
60061857,44.7723333,-110.6575,1.75,2.08,l,1396183922.64
60061862,44.785,-110.70866670000001,4.08,1.44,l,1396184073.01
60061867,44.77,-110.68266670000001,3.72,1.61,l,1396184376.85
60061872,44.771333299999995,-110.66666670000001,2.02,1.58,l,1396184504.19
60061877,44.7638333,-110.68633329999999,3.96,2.02,l,1396184618.3
60061882,44.771666700000004,-110.68533329999998,4.46,1.81,l,1396184818.06
60061892,44.7621667,-110.68799999999999,3.97,2.65,l,1396185836.19
60061897,44.7625,-110.6835,3.9,1.95,l,1396185952.23
60061902,44.7958333,-110.665,3.75,2.64,l,1396186095.85
60061907,44.7696667,-110.68799999999999,4.39,3.55,l,1396186252.09
60061912,44.7568333,-110.68233329999998,1.79,1.85,l,1396186240.37
60061917,44.782166700000005,-110.7085,3.84,2.08,l,1396186417.02
60061927,44.7738333,-110.67516670000002,4.12,1.93,l,1396186877.23
60061937,44.776,-110.72516670000002,4.08,1.41,l,1396187562.88
60061942,44.765,-110.72266670000002,2.67,1.67,l,1396187680.23
60061952,44.761,-110.71516670000001,3.88,2.93,l,1396187801.02
60061957,44.7658333,-110.72366670000001,3.49,2.27,l,1396187865.79
60061967,44.7235,-110.6728333,4.98,1.88,l,1396188011.58
60061972,44.7725,-110.6855,3.25,1.75,l,1396188438.28
60061982,44.747,-110.69966670000001,6.31,1.79,l,1396188908.03
60061987,44.7756667,-110.67683329999998,3.74,1.75,l,1396189120.02
60061992,44.777,-110.71466670000001,3.93,-9.99,h,1396189144.59
60061997,44.7715,-110.71616670000002,3.19,1.92,l,1396189232.24
60062012,44.777333299999995,-110.67766670000002,4.34,1.68,l,1396189991.56
60062022,44.774333299999995,-110.6788333,3.97,2.13,l,1396190407.56
60062032,44.7883333,-110.7051667,5.12,3.36,l,1396192069.05
60062037,44.7771667,-110.7215,1.94,1.89,l,1396192312.03
60062042,44.7668333,-110.71133329999999,2.0,1.55,l,1396192425.78
60062047,44.7703333,-110.67833329999999,3.56,1.78,l,1396192582.55
60062057,44.8135,-110.68616670000002,4.5,1.41,l,1396192919.47
60062062,44.765,-110.72783329999999,6.56,2.39,l,1396193019.43
60062067,44.813,-110.66799999999999,4.03,2.04,l,1396193073.19
60062072,44.8085,-110.67766670000002,3.69,1.97,l,1396194047.41
60062077,44.7795,-110.78066670000001,4.65,1.6,l,1396194101.92
60062087,44.7741667,-110.71666670000002,3.58,1.8,l,1396194294.43
60062092,44.7736667,-110.68616670000002,4.15,1.65,l,1396194393.61
60062097,44.7676667,-110.71783329999998,2.05,1.7,l,1396194441.77
60062107,44.7745,-110.71216670000001,5.66,1.47,l,1396194542.49
60062112,44.7733333,-110.711,3.91,1.67,l,1396195049.84
60062127,44.7666667,-110.67933329999998,4.64,1.98,l,1396195509.24
60062132,44.772,-110.72216670000002,2.66,1.46,l,1396195684.87
60062142,44.783,-110.68633329999999,3.54,1.54,l,1396196288.27
60062147,44.7795,-110.71316670000002,3.8,1.84,l,1396196559.13
60062157,44.7661667,-110.72399999999999,3.95,2.34,l,1396197011.54
60062162,44.7915,-110.67683329999998,3.59,1.16,l,1396197963.33
60062167,44.7248333,-110.69183329999998,2.22,1.72,l,1396198523.48
60062177,44.7756667,-110.7165,3.42,1.64,l,1396198953.52
60062182,44.7636667,-110.7141667,1.85,1.61,l,1396200364.64
60062187,44.7745,-110.71766670000001,4.04,2.06,l,1396200580.89
60062192,44.769,-110.71066670000002,3.36,2.28,l,1396201103.4
60062197,44.777,-110.7135,5.08,2.69,l,1396201051.53
60062202,44.763999999999996,-110.719,4.46,2.86,l,1396201164.44
60062207,44.7775,-110.71616670000002,2.24,1.75,l,1396201228.65
60062217,44.7808333,-110.71700000000001,4.61,1.92,l,1396201521.26
60062222,44.7858333,-110.7203333,3.55,1.59,l,1396201610.76
60062232,44.7748333,-110.6785,0.97,1.66,l,1396201760.59
60062252,44.7841667,-110.78466670000002,5.25,1.25,l,1396205310.97
60062257,44.784,-110.71033329999999,4.05,1.95,l,1396205890.09
60062287,44.7598333,-110.68016670000002,1.51,1.6,l,1396211538.4
60062292,44.773166700000004,-110.68533329999998,3.32,1.96,l,1396211577.3
60062402,44.7441667,-110.76933329999999,6.61,1.5,l,1396228072.88
60062422,44.786666700000005,-110.6855,3.79,1.65,l,1396236529.06
60062427,44.7675,-110.68716670000002,2.36,1.35,l,1396238801.41
60062437,44.7578333,-110.64666670000001,3.57,1.33,l,1396248243.02
60062442,44.787,-110.68233329999998,3.84,1.55,l,1396254663.47
60062452,44.74100000000001,-110.7616667,8.12,1.71,l,1396271270.26
60062487,44.7336667,-110.77116670000001,4.53,1.23,l,1396277145.31
60062502,44.748000000000005,-110.66016670000002,3.12,2.12,l,1396288707.39
60062537,44.7441667,-110.65983329999999,3.54,1.19,l,1396317056.37
60062542,44.775833299999995,-110.65316670000001,3.68,1.72,l,1396317617.5
60062547,44.7606667,-110.665,3.8,1.36,l,1396318463.9
60062557,44.7665,-110.65916670000001,3.77,2.27,l,1396318696.79
60062562,44.7606667,-110.66116670000001,3.79,1.77,l,1396319268.64
60062567,44.768666700000004,-110.65866670000001,3.67,2.2,l,1396319975.57
60062577,44.7616667,-110.65683329999999,4.59,2.41,l,1396320194.3
60062582,44.7558333,-110.66066670000001,4.1,2.18,l,1396320292.53
60062592,44.763999999999996,-110.65983329999999,3.1,1.94,l,1396320409.82
60062597,44.7583333,-110.66816670000001,2.25,1.78,l,1396320552.29
60062607,44.748000000000005,-110.67816670000002,2.61,1.68,l,1396320499.84
60062617,44.7613333,-110.65916670000001,3.94,1.59,l,1396320752.74
60062622,44.773999999999994,-110.65683329999999,4.12,2.11,l,1396320958.7
60062627,44.7503333,-110.65983329999999,3.79,1.27,l,1396321065.19
60062642,44.7616667,-110.6625,3.95,1.92,l,1396324079.84
60062647,44.7508333,-110.65583329999998,3.64,3.13,l,1396326765.79
60062652,44.7751667,-110.64816670000002,4.4,2.13,l,1396326748.5
60062657,44.7553333,-110.65866670000001,3.9,1.91,l,1396327212.34
60062672,44.7778333,-110.68666670000002,4.0,1.82,l,1396337108.31
60062717,44.745,-110.766,8.04,1.29,l,1396365884.94
60062762,44.7408333,-110.7655,5.54,1.1,l,1396376894.66
60062767,44.7341667,-110.76566670000001,5.01,1.57,l,1396376931.38
60062777,44.7438333,-110.77316670000002,5.82,1.58,l,1396378485.69
60062782,44.7456667,-110.76616670000001,8.07,1.93,l,1396378441.93
60062847,44.773999999999994,-110.676,3.82,2.03,l,1396387587.16
60062937,44.737333299999996,-110.77033329999999,5.09,1.62,l,1396428855.9
60063087,44.8278333,-110.77316670000002,3.6,1.44,l,1396482565.32
60063142,44.7456667,-110.76583329999998,7.58,2.06,l,1396500923.84
60063177,44.7578333,-110.7755,9.61,1.43,l,1396518546.19
60063327,44.8231667,-110.7695,5.58,1.74,l,1396589679.95
60063402,44.766999999999996,-110.7685,6.47,1.48,l,1396638575.03
60063452,44.8203333,-110.76716670000002,3.82,1.37,l,1396676641.81
60063482,44.739,-110.77083329999999,7.56,2.09,l,1396694517.32
60063512,44.7431667,-110.77283329999999,5.79,1.58,l,1396721005.14
60063537,44.8048333,-110.772,4.6,2.38,l,1396744206.2
60063542,44.7981667,-110.7735,4.27,-0.15,d,1396744974.86
60063552,44.7281667,-110.7735,5.06,2.84,l,1396747169.34
60063557,44.7273333,-110.77133329999998,4.85,2.49,l,1396747275.26
60063562,44.737333299999996,-110.77166670000001,7.55,2.14,l,1396747458.66
60063572,44.7381667,-110.7676667,5.11,1.65,l,1396748709.84
60063577,44.744,-110.7646667,8.04,1.33,l,1396750597.07
60063582,44.7385,-110.7706667,5.14,1.31,l,1396750670.87
60063592,44.7445,-110.77,7.77,1.58,l,1396750974.22
60063597,44.7445,-110.76483329999999,7.08,1.65,l,1396751260.59
60063607,44.8228333,-110.7725,4.47,1.39,l,1396763959.98
60063612,44.7935,-110.78033329999998,4.06,1.8,l,1396764114.04
60063632,44.8205,-110.77383329999999,4.05,1.52,l,1396784341.83
60063642,44.7385,-110.7695,4.86,1.38,l,1396793865.31
60063647,44.7491667,-110.77516670000001,3.69,1.39,l,1396793865.29
60063662,44.7413333,-110.7676667,6.33,1.65,l,1396800163.47
60063672,44.8158333,-110.77983329999999,4.1,0.86,l,1396804099.27
60063727,44.806999999999995,-110.728,4.5,0.92,l,1396846274.77
60063732,44.8023333,-110.72683329999998,4.45,0.93,l,1396847513.36
60063742,44.7913333,-110.73,4.79,1.19,l,1396848814.38
60063752,44.8065,-110.712,4.62,1.21,l,1396849382.59
60063757,44.81,-110.72183329999999,4.18,1.46,l,1396850490.86
60063767,44.8385,-110.67299999999999,7.46,1.04,l,1396851986.47
60063772,44.8045,-110.72183329999999,4.5,1.43,l,1396852412.24
60063777,44.8101667,-110.719,4.01,1.29,l,1396852561.22
60063792,44.8056667,-110.7203333,4.68,1.39,l,1396853511.73
60063797,44.8055,-110.7175,4.48,1.14,l,1396854907.62
60063807,44.806000000000004,-110.71666670000002,4.71,1.15,l,1396857677.66
60063832,44.802833299999996,-110.72733329999998,4.46,0.69,l,1396864794.7
60063837,44.8208333,-110.76100000000001,4.41,1.59,l,1396865314.82
60063852,44.6925,-110.72866670000002,7.11,1.51,l,1396885170.93
60063877,44.695666700000004,-110.72733329999998,8.84,1.61,l,1396888971.15
60063917,44.813,-110.7736667,4.52,1.56,l,1396922334.75
60063927,44.7468333,-110.77266670000002,7.3,1.55,l,1396947425.28
60063952,44.7415,-110.76100000000001,8.28,2.39,l,1396960341.99
60064052,44.7576667,-110.78,8.38,1.4,l,1397014866.84
60064062,44.744,-110.788,7.48,1.37,l,1397020661.17
60064077,44.7636667,-110.77433329999998,9.9,1.4,l,1397024707.03
60064292,44.8188333,-110.75833329999999,4.33,1.29,l,1397195349.49
60064342,44.7523333,-110.77566670000002,9.22,1.34,l,1397230932.5
60064347,44.8263333,-110.76966670000002,4.44,1.95,l,1397235668.79
60064382,44.8056667,-110.7755,3.37,0.1,d,1397257541.07
60064392,44.7535,-110.78183329999999,7.49,1.61,l,1397292763.02
60064397,44.736000000000004,-110.78816670000002,2.04,1.25,l,1397306756.19
60064422,44.7378333,-110.78533329999999,2.02,1.08,l,1397325490.35
60064897,44.8228333,-110.79866670000001,4.08,1.2,l,1397576492.1
60065267,44.7323333,-110.7765,4.61,1.31,l,1397813020.15
60065532,44.7345,-110.7755,7.1,1.19,l,1397999190.39
60065997,44.7503333,-110.75716670000001,11.34,1.56,l,1398280050.32
60066357,44.7325,-110.7715,5.45,1.15,l,1398558002.32
60066797,44.83,-110.77416670000001,4.36,0.35,d,1398995446.13
60067052,44.7601667,-110.772,8.09,1.23,l,1399204722.31
60068152,44.8226667,-110.757,6.37,1.84,l,1399705118.07
60068157,44.818999999999996,-110.7645,5.2,1.45,l,1399705701.25
60068197,44.8046667,-110.7616667,4.44,1.6,l,1399745928.25
60068237,44.8238333,-110.75966670000001,6.12,1.12,l,1399769683.35
60068422,44.8283333,-110.75483329999999,6.01,-9.99,h,1399962830.06
60068752,44.7996667,-110.823,4.79,0.52,l,1400160042.7
60068757,44.8041667,-110.76216670000001,4.18,1.46,l,1400160146.88
60068902,44.8056667,-110.75933329999998,4.62,1.15,l,1400208693.36
60068907,44.8245,-110.7585,4.15,1.91,l,1400217134.93
60068912,44.8138333,-110.76566670000001,4.39,1.9,l,1400220470.81
60068922,44.8233333,-110.76383329999999,4.29,1.69,l,1400235690.76
60068992,44.8268333,-110.76266670000001,4.01,2.14,l,1400265072.19
60069127,44.8223333,-110.7585,5.51,1.96,l,1400434996.37
60069212,44.8265,-110.76116670000002,4.14,1.01,l,1400484187.36
60069547,44.8566667,-110.67200000000001,2.63,1.68,l,1400713796.68
60069597,44.781833299999995,-110.76700000000001,10.18,1.53,l,1400772976.04
60069602,44.784833299999995,-110.76983329999999,9.64,0.47,d,1400776328.08
60069607,44.7835,-110.76816670000001,9.11,1.47,l,1400776660.67
60069617,44.784,-110.76683329999999,9.47,1.39,l,1400777866.48
60069622,44.7798333,-110.76933329999999,10.74,0.98,l,1400779213.76
60070572,44.786666700000005,-110.76516670000001,4.73,2.59,l,1401523333.15
60070577,44.826,-110.75116670000001,6.76,1.39,l,1401523893.39
60070582,44.7885,-110.76666670000002,4.25,1.21,l,1401524510.77
60070592,44.828166700000004,-110.7616667,6.44,1.06,l,1401525055.78
60070637,44.815,-110.75733329999998,4.86,1.36,l,1401550712.33
60070642,44.7853333,-110.7695,4.5,2.76,l,1401561591.88
60070647,44.8181667,-110.759,6.9,1.11,l,1401562951.59
60070652,44.7985,-110.772,5.08,1.3,l,1401563899.58
60070657,44.802,-110.76066670000002,4.53,1.73,l,1401564275.47
60070662,44.8345,-110.74466670000001,5.83,1.07,l,1401564467.73
60070682,44.7976667,-110.76316670000001,4.4,1.63,l,1401567120.95
60070702,44.7913333,-110.76633329999999,2.41,1.0,l,1401571032.81
60070712,44.7955,-110.7676667,4.37,1.2,l,1401572715.44
60070717,44.7981667,-110.76100000000001,2.28,1.24,l,1401573085.69
60070722,44.8105,-110.76,4.59,1.67,l,1401573392.16
60070727,44.7905,-110.7765,4.68,3.48,l,1401575100.66
60070732,44.798333299999996,-110.76100000000001,6.21,1.11,d,1401579056.81
60070737,44.793833299999996,-110.7685,5.64,1.18,l,1401579236.73
60070742,44.786,-110.766,4.42,2.15,l,1401580344.42
60070747,44.7946667,-110.7676667,4.62,1.13,d,1401580472.58
60070752,44.7956667,-110.766,4.11,1.22,d,1401582811.11
60070762,44.7906667,-110.766,4.48,1.06,l,1401586646.32
60070777,44.7925,-110.7646667,4.47,1.13,l,1401588749.83
60070782,44.8006667,-110.77166670000001,5.12,1.57,d,1401590696.77
60070787,44.7978333,-110.76866670000001,4.4,1.79,l,1401591845.59
60070792,44.8018333,-110.7665,4.62,1.22,l,1401591985.66
60070797,44.77,-110.7695,0.62,0.46,d,1401592218.95
60070802,44.7981667,-110.77166670000001,5.67,2.41,l,1401592361.97
60070807,44.7906667,-110.764,4.11,2.37,l,1401592392.15
60070812,44.8001667,-110.76683329999999,4.66,0.98,l,1401593277.09
60070822,44.7913333,-110.77516670000001,4.05,1.18,d,1401595659.95
60070827,44.801,-110.76100000000001,4.41,1.18,l,1401599678.55
60070832,44.7868333,-110.7645,4.83,2.06,l,1401599732.9
60070837,44.7871667,-110.76483329999999,4.79,2.04,l,1401599835.79
60070842,44.7883333,-110.7645,4.76,1.74,l,1401599870.85
60070847,44.788999999999994,-110.7616667,4.54,1.48,l,1401600288.09
60070852,44.8053333,-110.77,5.26,1.13,l,1401600543.82
60070857,44.841,-110.75466670000002,4.57,0.79,l,1401601419.99
60070862,44.796833299999996,-110.76733329999999,4.42,1.88,l,1401606876.32
60070872,44.807333299999996,-110.7736667,2.28,1.57,d,1401611601.8
60070877,44.79,-110.76983329999999,4.24,1.1,l,1401613993.76
60070887,44.8006667,-110.75433329999998,5.55,1.39,l,1401654098.36
60070892,44.7876667,-110.76100000000001,3.79,1.69,d,1401654098.62
60070902,44.7921667,-110.7605,4.32,1.49,l,1401657417.96
60070922,44.7956667,-110.7695,4.56,1.57,l,1401659274.79
60070937,44.7831667,-110.77266670000002,4.29,0.62,d,1401665850.29
60070942,44.7926667,-110.76899999999999,4.13,1.16,d,1401670537.02
60070947,44.806000000000004,-110.76700000000001,7.44,1.44,l,1401674549.56
60070957,44.781000000000006,-110.77283329999999,3.65,1.18,d,1401675801.52
60070967,44.7906667,-110.76866670000001,4.97,1.85,l,1401676824.56
60070977,44.8006667,-110.75466670000002,6.02,1.42,l,1401692452.1
60070982,44.7948333,-110.7585,5.33,1.4,d,1401693642.12
60070987,44.777,-110.7765,2.71,0.63,d,1401694886.78
60070997,44.812,-110.74766670000001,7.77,1.51,l,1401701043.16
60071002,44.8101667,-110.7525,7.53,1.52,l,1401704004.16
60071007,44.7946667,-110.76083329999999,4.67,0.62,d,1401705277.78
60071012,44.7823333,-110.76966670000002,4.69,1.72,l,1401708258.79
60071017,44.8395,-110.73100000000001,7.65,1.45,l,1401708839.94
60071032,44.7926667,-110.77083329999999,4.4,1.05,d,1401715665.41
60071042,44.7813333,-110.76783329999999,4.47,2.03,l,1401720275.26
60071047,44.7876667,-110.77033329999999,4.43,2.26,l,1401720608.03
60071067,44.777666700000005,-110.76533329999998,2.35,1.86,d,1401731213.91
60071092,44.783666700000005,-110.7676667,4.86,2.42,l,1401740353.62
60071097,44.8061667,-110.75133329999998,8.17,2.04,l,1401741416.42
60071117,44.8,-110.75666670000001,4.83,1.26,l,1401749028.91
60071122,44.7873333,-110.76783329999999,3.79,0.99,d,1401750567.89
60071132,44.775,-110.76733329999999,2.09,0.85,d,1401766628.7
60071142,44.8025,-110.75133329999998,7.48,0.93,d,1401779027.11
60071147,44.788999999999994,-110.7605,5.55,1.11,l,1401780134.13
60071152,44.7871667,-110.75966670000001,4.63,1.33,l,1401782077.46
60071162,44.7986667,-110.76100000000001,6.28,1.77,d,1401784964.37
60071167,44.8063333,-110.751,7.36,1.62,l,1401785132.89
60071172,44.7763333,-110.76666670000002,2.18,0.54,d,1401785553.95
60071177,44.7946667,-110.76100000000001,4.92,0.87,d,1401786946.9
60071182,44.8128333,-110.74883329999999,7.37,1.5,l,1401787376.6
60071187,44.7905,-110.75883329999999,4.83,1.21,l,1401787766.65
60071192,44.783666700000005,-110.76666670000002,4.05,1.45,l,1401787804.31
60071197,44.8086667,-110.75733329999998,1.34,1.11,l,1401788002.85
60071202,44.7963333,-110.76566670000001,10.26,3.38,l,1401788007.73
60071207,44.788000000000004,-110.7556667,4.7,2.38,l,1401788202.17
60071212,44.8065,-110.75116670000001,7.1,1.52,l,1401788304.69
60071217,44.7856667,-110.7635,8.98,2.86,l,1401788365.26
60071222,44.7976667,-110.759,4.62,1.52,l,1401788494.41
60071227,44.8108333,-110.74583329999999,7.07,1.24,l,1401788609.98
60071232,44.7888333,-110.7575,4.88,1.38,l,1401788757.21
60071237,44.8011667,-110.76683329999999,4.35,0.78,l,1401788703.31
60071242,44.8218333,-110.73883329999998,7.63,1.55,l,1401788816.48
60071247,44.8011667,-110.76383329999999,4.49,1.63,l,1401789153.27
60071252,44.7828333,-110.75916670000001,7.61,3.06,l,1401789172.03
60071257,44.7921667,-110.76533329999998,4.25,1.51,l,1401789571.34
60071267,44.805833299999996,-110.76100000000001,6.95,1.64,l,1401789676.36
60071272,44.7916667,-110.76299999999999,5.97,1.64,l,1401789676.59
60071277,44.791000000000004,-110.7615,4.06,1.05,l,1401789934.51
60071282,44.8335,-110.7365,7.21,1.5,l,1401790143.21
60071287,44.7965,-110.7605,7.68,2.21,l,1401790249.09
60071292,44.7883333,-110.75816670000002,4.22,0.95,d,1401790439.64
60071297,44.7906667,-110.76016670000001,4.74,1.35,l,1401790499.21
60071302,44.8026667,-110.7675,4.53,1.0,d,1401790684.71
60071307,44.7921667,-110.76116670000002,4.45,1.72,l,1401790852.94
60071312,44.819166700000004,-110.74816670000001,7.8,1.42,l,1401791689.22
60071337,44.7916667,-110.74883329999999,5.38,1.37,l,1401793154.09
60071347,44.7895,-110.766,3.79,0.89,d,1401793967.6
60071352,44.7926667,-110.76183329999999,6.36,1.06,l,1401794802.85
60071357,44.7955,-110.7585,5.35,1.55,l,1401794971.25
60071362,44.8166667,-110.7383333,7.67,-9.99,h,1401795095.08
60071367,44.8136667,-110.74733329999998,8.27,1.37,l,1401795764.65
60071377,44.8038333,-110.75416670000001,6.44,2.13,l,1401796429.59
60071382,44.8306667,-110.73633329999998,6.84,1.6,l,1401796537.48
60071387,44.787833299999996,-110.7545,4.5,1.4,l,1401796823.97
60071392,44.7966667,-110.76266670000001,4.58,1.36,l,1401796998.38
60071397,44.7936667,-110.76183329999999,5.44,0.87,l,1401797798.54
60071402,44.801333299999996,-110.76033329999999,7.1,2.07,l,1401800738.07
60071407,44.786666700000005,-110.7705,4.69,2.18,l,1401800930.38
60071412,44.7873333,-110.7605,3.19,0.15,d,1401801827.75
60071427,44.784,-110.7595,2.15,1.0,l,1401803329.7
60071432,44.7943333,-110.766,4.86,1.51,d,1401803431.03
60071437,44.8111667,-110.74716670000001,9.61,1.46,l,1401804073.56
60071442,44.8008333,-110.75966670000001,4.62,1.02,l,1401804574.35
60071447,44.8085,-110.75516670000002,7.47,1.83,l,1401806866.85
60071452,44.7965,-110.7595,5.05,1.56,l,1401807045.82
60071457,44.7976667,-110.75016670000001,4.43,0.8,d,1401807242.15
60071462,44.8125,-110.75216670000002,8.96,0.98,d,1401808480.19
60071467,44.786333299999995,-110.76866670000001,3.82,1.07,l,1401808665.92
60071472,44.8136667,-110.75366670000001,7.9,1.18,l,1401809784.2
60071477,44.8163333,-110.74733329999998,8.95,1.28,l,1401809949.66
60071482,44.791166700000005,-110.7505,4.52,0.98,l,1401811782.14
60071487,44.8023333,-110.7545,7.8,1.67,l,1401813260.19
60071502,44.7895,-110.75283329999999,4.68,1.19,l,1401816787.81
60071507,44.7861667,-110.76583329999998,2.5,0.94,l,1401820945.13
60071512,44.820666700000004,-110.75200000000001,6.87,1.57,l,1401821378.31
60071527,44.7931667,-110.75266670000002,6.48,2.19,l,1401822530.03
60071532,44.787,-110.75916670000001,4.16,1.59,l,1401824538.61
60071542,44.7913333,-110.76316670000001,2.14,1.22,d,1401826341.04
60071547,44.8581667,-110.7325,9.39,0.94,d,1401826644.23
60071552,44.7598333,-110.8265,1.44,1.19,d,1401827167.39
60071557,44.7985,-110.77183329999998,3.66,1.37,d,1401827755.9
60071582,44.7853333,-110.75466670000002,3.18,0.93,l,1401830830.25
60071607,44.8001667,-110.76299999999999,4.58,2.11,l,1401833090.81
60071617,44.8155,-110.75,6.71,2.03,l,1401834811.38
60071627,44.7823333,-110.7695,6.34,2.06,l,1401839339.08
60071632,44.8193333,-110.75266670000002,7.7,1.14,l,1401839568.02
60071637,44.8041667,-110.76066670000002,5.11,1.35,l,1401839670.0
60071642,44.7831667,-110.77016670000002,4.74,2.13,l,1401840597.83
60071647,44.8033333,-110.75399999999999,6.44,1.6,l,1401841962.9
60071652,44.7825,-110.7655,4.77,2.39,l,1401843511.14
60071657,44.8183333,-110.7465,7.31,1.2,l,1401843739.35
60071662,44.8238333,-110.7465,6.73,1.41,l,1401844697.95
60071667,44.782166700000005,-110.7706667,3.23,0.82,l,1401844897.77
60071672,44.7956667,-110.76383329999999,4.03,0.74,d,1401845032.19
60071677,44.801333299999996,-110.762,5.56,0.92,l,1401845175.45
60071682,44.799833299999996,-110.76883329999998,4.95,2.0,l,1401845468.11
60071687,44.8158333,-110.7556667,7.2,1.45,l,1401845546.59
60071697,44.8303333,-110.7495,7.4,0.69,d,1401846332.69
60071702,44.7928333,-110.766,4.31,1.44,l,1401846615.37
60071707,44.786333299999995,-110.76866670000001,4.37,1.91,l,1401846798.97
60071712,44.81100000000001,-110.7565,6.95,1.25,l,1401847002.9
60071717,44.8233333,-110.7475,7.77,1.47,l,1401847065.96
60071722,44.795333299999996,-110.7616667,5.3,1.04,l,1401848096.67
60071727,44.8038333,-110.76133329999999,4.96,1.14,l,1401848477.03
60071732,44.8036667,-110.76516670000001,5.13,1.48,l,1401848637.47
60071737,44.7846667,-110.77383329999999,3.89,1.95,l,1401849336.67
60071742,44.784833299999995,-110.7725,2.53,0.93,d,1401849750.53
60071747,44.7801667,-110.76683329999999,3.92,0.4,d,1401849990.95
60071752,44.791000000000004,-110.76899999999999,4.75,1.21,l,1401852046.14
60071757,44.784,-110.77166670000001,2.41,1.06,d,1401852025.08
60071767,44.8188333,-110.74583329999999,8.42,0.28,d,1401871930.93
60071782,44.8051667,-110.76566670000001,4.77,1.3,l,1401874251.17
60071787,44.785,-110.76783329999999,4.82,1.94,l,1401874264.13
60071792,44.8051667,-110.74733329999998,8.85,1.17,d,1401874433.84
60071812,44.8153333,-110.74216670000001,7.82,0.92,l,1401879662.12
60071822,44.7985,-110.76566670000001,3.99,0.79,l,1401882672.46
60071827,44.7865,-110.77533329999999,3.51,0.86,l,1401883172.12
60071837,44.7845,-110.75983329999998,4.53,1.71,d,1401883967.49
60071842,44.7993333,-110.75399999999999,5.29,1.25,d,1401883967.34
60071847,44.7875,-110.76566670000001,7.71,3.46,l,1401884163.0
60071852,44.8021667,-110.77283329999999,4.63,1.57,d,1401885250.96
60071857,44.8196667,-110.756,7.24,1.37,d,1401885583.26
60071862,44.8226667,-110.75166670000002,7.68,1.14,l,1401887498.23
60071867,44.7865,-110.774,4.11,0.94,d,1401887785.05
60071877,44.8036667,-110.75466670000002,4.18,1.16,d,1401889857.62
60071882,44.7958333,-110.765,4.94,0.87,d,1401893233.24
60071887,44.791166700000005,-110.77533329999999,6.29,1.27,l,1401893870.68
60071892,44.813166700000004,-110.7556667,6.36,0.51,d,1401894212.15
60071907,44.799833299999996,-110.772,6.15,2.48,l,1401895257.05
60071912,44.8045,-110.76233329999998,6.64,1.65,l,1401895544.08
60071917,44.7795,-110.76899999999999,2.33,0.57,d,1401895820.08
60071922,44.820666700000004,-110.75466670000002,8.06,0.24,d,1401896310.41
60071932,44.7988333,-110.76316670000001,6.48,1.11,l,1401896999.26
60071942,44.787,-110.7615,2.02,1.05,l,1401897054.62
60071947,44.815,-110.74683329999999,7.45,1.1,l,1401897348.48
60071952,44.7886667,-110.76916670000001,4.8,0.98,l,1401897694.38
60071972,44.79,-110.76183329999999,2.21,0.97,d,1401903519.03
60071977,44.8011667,-110.77133329999998,5.3,1.39,l,1401903629.04
60071982,44.7981667,-110.76116670000002,5.22,1.04,d,1401904150.83
60071987,44.789333299999996,-110.76216670000001,4.81,2.13,l,1401904607.03
60072042,44.7916667,-110.77133329999998,5.29,1.77,l,1401912006.88
60072047,44.7921667,-110.76483329999999,4.74,0.81,d,1401912769.03
60072072,44.8205,-110.744,7.74,1.28,l,1401916489.36
60072082,44.7853333,-110.77466670000001,1.9,0.8,d,1401916885.85
60072087,44.787,-110.7646667,9.2,3.38,l,1401916951.63
60072102,44.7351667,-110.79700000000001,7.98,0.98,l,1401920245.5
60072112,44.7813333,-110.76933329999999,3.12,1.52,l,1401926032.73
60072117,44.792,-110.78316670000001,3.22,0.99,d,1401930299.44
60072122,44.801333299999996,-110.7825,4.05,1.2,l,1401930544.57
60072157,44.788166700000005,-110.75783329999999,4.26,0.54,d,1401948343.27
60072282,44.8138333,-110.74583329999999,7.46,0.43,d,1401999920.79
60072292,44.8258333,-110.74616670000002,7.44,0.47,d,1402017574.54
60072297,44.818000000000005,-110.75266670000002,8.66,1.48,l,1402018357.11
60072312,44.79,-110.76566670000001,4.45,1.45,l,1402023955.68
60072342,44.799833299999996,-110.76899999999999,5.63,0.59,d,1402055022.55
60072352,44.7986667,-110.74799999999999,5.22,1.21,l,1402060356.61
60072457,44.7943333,-110.75883329999999,4.71,1.13,l,1402127632.1
60072512,44.796833299999996,-110.75533329999999,5.82,1.17,l,1402163340.82
60072527,44.8155,-110.7383333,7.31,1.13,l,1402174505.33
60072532,44.828,-110.73616670000001,7.81,1.07,d,1402176307.88
60072582,44.7905,-110.76383329999999,4.9,1.58,l,1402256803.72
60072592,44.7926667,-110.7575,4.47,1.12,l,1402274920.04
60072612,44.791166700000005,-110.76799999999999,4.82,2.19,l,1402303426.35
60072792,44.8666667,-110.68583329999998,3.55,1.77,l,1402448950.85
60072827,44.7988333,-110.76633329999999,6.17,1.38,l,1402468809.92
60073092,44.8035,-110.75766670000002,5.58,1.59,l,1402606427.25
60073437,44.819166700000004,-110.74816670000001,7.7,1.21,l,1402806499.14
60073962,44.7831667,-110.68683329999999,3.8,0.11,d,1403178987.14
60073967,44.788000000000004,-110.68333329999999,4.65,1.75,l,1403179164.33
60074752,44.7853333,-110.7695,4.39,0.69,d,1403709871.86
